category,streamcluster
runtime,55.25701141357422
l2miss,74322306.44485295
r1b2,747677.7757352941
l3miss,56771261.71691176
instructions,4217380449.6911764
cycles,7827929907.091911
stall_cycles,5560828623.764706
intra_coh,11737197.341911765
inter_coh,1.349264705882353
wall-cycles,420493569.7463235
llc_occupancy,41897743.058823526
