category,DC
runtime,99.34151220321655
l2miss,44763265.08163265
r1b2,256603.21632653062
l3miss,35225024.575510204
instructions,2936896495.8469386
cycles,6357584629.206122
stall_cycles,4552888354.448979
intra_coh,38.04081632653061
inter_coh,0.1489795918367347
wall-cycles,420346024.24285716
llc_occupancy,41736534.72653061
