category,canneal
runtime,51.64300584793091
l2miss,61133674.03543308
l3miss,41290984.6456693
instructions,2535180043.031496
cycles,10207971558.858269
stall_cycles,8446074708.248032
intra_coh,265404.6062992126
inter_coh,0.0
wall_cycles,2101669705.1574802
llc_size,400862296.6929134
local_mem,3183878208.5039372
remote_mem,4004404.409448819
