category,fluidanimate
runtime,34.912418842315674
l2miss,26770407.467836257
r1b2,37600599.47953217
l3miss,16993742.736842107
instructions,11920781003.707602
cycles,7030041616.7076025
stall_cycles,1795792380.6374269
intra_coh,1909572.461988304
inter_coh,1178.748538011696
wall-cycles,420564890.7719298
llc_occupancy,41854125.66081871
