category,MG
runtime,12.163057804107666
l2miss,169508946.45614034
r1b2,2043156227.0701754
l3miss,88015952.29824561
instructions,9806315439.929825
cycles,8082258355.017544
stall_cycles,4074553897.8245616
intra_coh,243211.50877192983
inter_coh,0.21052631578947367
wall-cycles,421809432.2105263
llc_occupancy,3526296.701754386
