category,kmeans
runtime,33.58191752433777
l2miss,205684483.63914374
l3miss,22402984.006116208
instructions,16392304160.061161
cycles,11772075134.525993
stall_cycles,4907804167.614678
intra_coh,141388804.95412844
inter_coh,1.651376146788991
wall_cycles,2103057986.238532
llc_size,402793875.9633028
local_mem,1578431553.761468
remote_mem,4234788.012232416
