category,kmeans
runtime,45.08866906166077
l2miss,33333879.628959276
r1b2,489436.8552036199
l3miss,4195773.502262443
instructions,2418193806.276018
cycles,1946850202.4570136
stall_cycles,901365297.3122172
intra_coh,22524802.08597285
inter_coh,0.027149321266968326
wall-cycles,419777441.8054299
llc_occupancy,2088552.2533936652
local_mem,283856284.3800905
remote_mem,12413882.497737557
