category,bfs
runtime,27.93593144416809
l2miss,1630179.4887218045
r1b2,17065.120300751878
l3miss,815377.5263157894
instructions,1564330530.5263157
cycles,633553936.3007519
stall_cycles,100714843.67669173
intra_coh,49651.96240601504
inter_coh,0.7218045112781954
wall_cycles,420269728.93233085
llc_size,38859398.7368421
local_mem,101896161.20300752
remote_mem,434114.4060150376
