category,cfd
runtime,44.21574926376343
l2miss,121330858.81944445
l3miss,10475108.680555556
instructions,43114113312.06018
cycles,19548170687.662037
stall_cycles,1618475215.9953704
intra_coh,1434560.023148148
inter_coh,0.625
wall_cycles,2102113072.6388888
llc_size,313028456.2962963
local_mem,6156136.296296297
remote_mem,60681.481481481474
