category,vips
runtime,14.284693479537964
l2miss,29166856.92063492
r1b2,3643660.8412698414
l3miss,8509687.92063492
instructions,12017882419.301588
cycles,3935903885.3650794
stall_cycles,201499143.65079364
intra_coh,289242.09523809527
inter_coh,0.20634920634920634
wall_cycles,420955453.6666667
llc_size,39612871.11111111
local_mem,93554200.38095239
remote_mem,871732.8253968254
