category,IS
runtime,1570.8568618297577
l2miss,6005466.4041954465
r1b2,2172679.596827833
l3miss,3142664.6493988233
instructions,144402103.94525453
cycles,440207096.47633666
stall_cycles,339633078.6756204
intra_coh,102737.67907393195
inter_coh,199696.46930161168
wall-cycles,420437096.12253773
llc_occupancy,2557002.134561269
