category,LU
runtime,2954.0034379959106
l2miss,137695078.90087822
r1b2,2186129708.7837157
l3miss,75598358.41616176
instructions,5409203558.948737
cycles,8201810354.214923
stall_cycles,5906292048.7869835
intra_coh,20433.658996528015
inter_coh,1.5553815780516032
wall-cycles,421188796.2652325
llc_occupancy,39223735.4646334
