category,blackscholes
runtime,47.586430311203
l2miss,2030234.5042735043
r1b2,966655.8717948718
LLC-load-misses,179363.2606837607
LLC-store-misses,28613.457264957266
instructions,3351976715.782051
cycles,5187676776.384615
stall_cycles,2070832615.6752136
intra_coh,738.3119658119658
inter_coh,0.39316239316239315
wall-cycles,420375632.3119658
llc_occupancy,41052982.700854704
