category,SP
runtime,156.5392882823944
l2miss,149979216.8051948
r1b2,1932214496.9519482
l3miss,84633301.6051948
instructions,5246132254.171429
cycles,8269132463.6441555
stall_cycles,6041976060.667533
intra_coh,3359.2506493506494
inter_coh,0.21428571428571427
wall_cycles,420765872.3025974
llc_size,41942954.88831169
local_mem,8841209914.514286
remote_mem,12791180.301298702
