category,MG
runtime,221.15057969093323
l2miss,162417930.5629562
r1b2,1970728495.643248
l3miss,93162948.56478103
instructions,9558721699.822992
cycles,8114399957.739051
stall_cycles,4118549553.2354016
intra_coh,291177.5702554745
inter_coh,0.08759124087591241
wall-cycles,420987489.7189781
llc_occupancy,41929406.59854015
