category,LU
runtime,58.61260938644409
l2miss,261392247.28819445
r1b2,569696143.3923612
LLC-load-misses,13217411.947916666
LLC-store-misses,261021.01388888888
instructions,13707236197.770834
cycles,8190974559.857639
stall_cycles,2872200260.7743053
intra_coh,235791.99305555556
inter_coh,0.2361111111111111
wall-cycles,422119076.9652778
llc_occupancy,13155669.333333334
