category,CG
runtime,1168.8103296756744
l2miss,367890749.3840729
r1b2,5897101.913656691
l3miss,60018457.92002064
instructions,3533510370.096663
cycles,8121588998.403852
stall_cycles,6110207053.681114
intra_coh,24582.145682834536
inter_coh,0.010835913312693499
wall-cycles,420810278.66477466
llc_occupancy,2308255.9229446165
