category,EP
runtime,29.83843970298767
l2miss,15116688.158620689
r1b2,49743.68275862069
l3miss,3203463.827586207
instructions,5216092232.77931
cycles,8260088585.786207
stall_cycles,2902031632.0413795
intra_coh,5.255172413793104
inter_coh,0.034482758620689655
wall-cycles,421221070.63448274
llc_occupancy,334911.55862068967
