category,nn
runtime,68.95836448669434
l2miss,19540306.63392857
r1b2,766954.7172619047
l3miss,4525.285714285715
instructions,2168101984.2470236
cycles,4002976474.3630953
stall_cycles,2498621099.5595236
intra_coh,13670994.81547619
inter_coh,0.3601190476190476
wall_cycles,420143731.25
llc_size,35928356.571428575
local_mem,62504179.809523806
remote_mem,352646.09523809527
