category,nn
runtime,77.09713244438171
l2miss,18683043.263157893
r1b2,568183.5736842105
l3miss,17268.052631578947
instructions,1773505492.7052631
cycles,3226470037.894737
stall_cycles,2036036100.494737
intra_coh,12595429.789473685
inter_coh,0.21052631578947367
wall-cycles,419693280.1078947
llc_occupancy,2063004.2947368422
local_mem,5066795.115789474
remote_mem,28253604.37894737
