category,bfs
runtime,31.171468496322632
l2miss,1398355.0675675676
r1b2,18926.006756756757
l3miss,728408.5878378379
instructions,1405235444.5743244
cycles,608795975.5675676
stall_cycles,130544684.9054054
intra_coh,62471.5
inter_coh,0.0472972972972973
wall-cycles,420344273.5202703
llc_occupancy,40150099.027027026
