category,blackscholes
runtime,76.59011626243591
l2miss,1270103.9787234042
r1b2,686632.4494680851
l3miss,1254179.8430851065
instructions,2086044841.569149
cycles,3231180237.7287235
stall_cycles,1289181894.0531914
intra_coh,110.88829787234043
inter_coh,0.11436170212765957
wall_cycles,419712908.91223407
llc_size,39685708.25531915
local_mem,92369854.63829787
remote_mem,160005.44680851063
