category,CG
runtime,45.91538190841675
l2miss,321090061.7644445
r1b2,5946676.8533333335
l3miss,60979622.72444444
instructions,3447838677.191111
cycles,8226790765.591111
stall_cycles,6238320840.497778
intra_coh,196309.25333333333
inter_coh,0.008888888888888889
wall-cycles,421079629.39111114
llc_occupancy,2522116.551111111
