{
    "runtime": {
        "nn": 71.86677527427673,
        "SP": 126.20511269569397
    },
    "power": [
        {
            "package_name": "package-0",
            "power": 4917124314,
            "domains": {
                "dram": 66264870123
            }
        },
        {
            "package_name": "package-1",
            "power": 13274349929,
            "domains": {
                "dram": 66880579349
            }
        }
    ]
}