category,DC
runtime,106.09370279312134
l2miss,43592415.416506715
r1b2,77346.08829174664
l3miss,34077484.57965451
instructions,2762109830.8483686
cycles,6050076223.166986
stall_cycles,4327463470.988483
intra_coh,21.98848368522073
inter_coh,0.10556621880998081
wall-cycles,421098292.91170824
llc_occupancy,41213841.934740886
