{
    "runtime": {
        "kmeans": 36.65147542953491,
        "SP": 128.5150327682495
    },
    "power": [
        {
            "package_name": "package-0",
            "power": 4653669239,
            "domains": {
                "dram": 66318195795
            }
        },
        {
            "package_name": "package-1",
            "power": 12497519153,
            "domains": {
                "dram": 66826300548
            }
        }
    ]
}