{
    "runtime": {
        "kmeans": 35.16947031021118,
        "SP": 128.82482361793518
    },
    "power": [
        {
            "package_name": "package-0",
            "power": 3755756132,
            "domains": {
                "dram": 66181319271
            }
        },
        {
            "package_name": "package-1",
            "power": 12537036142,
            "domains": {
                "dram": 66928038556
            }
        }
    ]
}