category,UA
runtime,107.00861024856567
l2miss,87889163.35916825
r1b2,1013876103.194707
l3miss,53832937.86389414
instructions,7470288435.533081
cycles,7705645458.266541
stall_cycles,3992810349.833648
intra_coh,261352.52173913043
inter_coh,0.043478260869565216
wall-cycles,421077973.2741021
llc_occupancy,2765024.5444234405
