category,LU
runtime,102.08024001121521
l2miss,148541277.63672656
r1b2,197733226.61477047
l3miss,49793009.94011976
instructions,7853894039.385229
cycles,4114145047.6007986
stall_cycles,1095333066.3792415
intra_coh,36451.50499001996
inter_coh,0.0
wall_cycles,420129992.6826347
llc_size,41897910.41916168
local_mem,2317534393.996008
remote_mem,14915522.68263473
