category,nn
runtime,86.30481719970703
l2miss,29594463.866197184
r1b2,91439.23004694836
LLC-load-misses,27.624413145539908
LLC-store-misses,4.922535211267606
instructions,3274140158.7511735
cycles,8172390168.380281
stall_cycles,5741308241.267606
intra_coh,17741024.136150233
inter_coh,0.15492957746478872
wall-cycles,420903213.0657277
llc_occupancy,40616012.92018779
