{
    "runtime": {
        "SP": 143.75645685195923,
        "streamcluster": 155.56218218803406
    },
    "power": [
        {
            "package_name": "package-0",
            "power": 6307361173,
            "domains": {
                "dram": 66451196231
            }
        },
        {
            "package_name": "package-1",
            "power": 16933007066,
            "domains": {
                "dram": 1462217466
            }
        }
    ]
}