{
    "runtime": {
        "SP": 144.1199827194214,
        "streamcluster": 156.40113520622253
    },
    "power": [
        {
            "package_name": "package-0",
            "power": 6612941323,
            "domains": {
                "dram": 66423712902
            }
        },
        {
            "package_name": "package-1",
            "power": 17028598801,
            "domains": {
                "dram": 67259471318
            }
        }
    ]
}