category,ferret
runtime,54.23432946205139
l2miss,29149499.41015625
r1b2,26142965.8203125
l3miss,10945615.33203125
instructions,6463623161.589844
cycles,4125639559.8359375
stall_cycles,1038888623.5546875
intra_coh,24397.5
inter_coh,0.12109375
wall_cycles,420417143.8828125
llc_size,40100096.0
local_mem,165864704.0
remote_mem,676096.0
