category,particlefilter
runtime,78.09028601646423
l2miss,379614418.4255875
r1b2,537898493.9190601
l3miss,179933.12532637076
instructions,5959819833.245431
cycles,2408740715.148825
stall_cycles,312220054.88250655
intra_coh,379.4177545691906
inter_coh,0.020887728459530026
wall_cycles,420108819.27415144
llc_size,15771418.067885118
local_mem,11167813.514360314
remote_mem,313819.90600522194
