category,UA
runtime,164.34692215919495
l2miss,55419878.01970443
r1b2,367424026.8091133
l3miss,36583088.67487685
instructions,4785903903.094828
cycles,3869486817.67734
stall_cycles,1539274692.0320196
intra_coh,72624.97044334975
inter_coh,0.0049261083743842365
wall_cycles,419937105.6921182
llc_size,40791963.113300495
local_mem,3516581534.8965516
remote_mem,15335827.54679803
