category,BT
runtime,154.96688675880432
l2miss,50042741.044386424
r1b2,229222608.2924282
l3miss,25428726.91253264
instructions,8648346099.530025
cycles,4117766150.412533
stall_cycles,1085792643.0574412
intra_coh,385.2845953002611
inter_coh,0.007832898172323759
wall_cycles,419929982.44778067
llc_size,41865355.028720625
local_mem,1961066324.8877285
remote_mem,14133360.2924282
