category,EP
runtime,81.37373852729797
l2miss,15017343.034246575
r1b2,50696.54109589041
l3miss,3178197.3698630137
instructions,5189120254.472603
cycles,8217266149.356164
stall_cycles,2885895645.212329
intra_coh,11.267123287671232
inter_coh,0.0410958904109589
wall_cycles,421243985.34246576
llc_size,18651276.273972604
local_mem,310173.80821917806
remote_mem,12568.547945205479
