{
    "runtime": {
        "blackscholes": 46.61204266548157,
        "canneal": 66.02043867111206
    },
    "power": [
        {
            "package_name": "package-1",
            "power": 2050736815,
            "domains": {
                "dram": 213947244
            }
        },
        {
            "package_name": "package-0",
            "power": 3106421186,
            "domains": {
                "dram": 338352967
            }
        }
    ]
}