category,CG
runtime,82.63608574867249
l2miss,179004412.56930694
r1b2,2273590.5074257427
l3miss,33962979.20049505
instructions,1910346721.0321782
cycles,4134730360.1014853
stall_cycles,3032686262.420792
intra_coh,84011.93564356436
inter_coh,0.0049504950495049506
wall_cycles,420007683.3366337
llc_size,40752847.84158416
local_mem,2199677232.158416
remote_mem,1155964.1980198019
