category,SP
runtime,156.36034178733826
l2miss,149183863.5129199
r1b2,1905556791.9780362
LLC-load-misses,8335407.7041343665
LLC-store-misses,3218123.302325581
instructions,5230007570.971577
cycles,8241596525.908269
stall_cycles,6022260828.289406
intra_coh,3402.328165374677
inter_coh,0.22997416020671835
wall-cycles,421372334.2377261
llc_occupancy,2733376.165374677
