{
    "runtime": {
        "swaptions": 34.403780460357666,
        "streamcluster": 34.40964651107788
    },
    "power": [
        {
            "package_name": "package-1",
            "power": 1014991481,
            "domains": {
                "dram": 110839014
            }
        },
        {
            "package_name": "package-0",
            "power": 2329515704,
            "domains": {
                "dram": 146417971
            }
        }
    ]
}