category,swaptions
runtime,25.475611925125122
l2miss,4991442.902439024
r1b2,217727.9918699187
l3miss,15172.040650406505
instructions,12500371191.121952
cycles,6360107366.512196
stall_cycles,1098359929.5853658
intra_coh,3748737.723577236
inter_coh,0.13821138211382114
wall-cycles,422494561.5121951
llc_occupancy,84184.45528455285
