{
    "runtime": {
        "freqmine": 75.87394857406616,
        "SP": 132.9785132408142
    },
    "power": [
        {
            "package_name": "package-0",
            "power": 3946759428,
            "domains": {
                "dram": 66212531455
            }
        },
        {
            "package_name": "package-1",
            "power": 14272448142,
            "domains": {
                "dram": 66987784643
            }
        }
    ]
}