category,streamcluster
runtime,103.22521018981934
l2miss,169201906.78082192
l3miss,144433823.0626223
instructions,10633565167.553816
cycles,20262540094.187866
stall_cycles,14508325827.133072
intra_coh,13976232.318982387
inter_coh,0.821917808219178
wall_cycles,2103115539.598826
llc_size,417384163.444227
local_mem,9269084801.252445
remote_mem,12866089.080234833
