category,streamcluster
runtime,104.57870984077454
l2miss,33589727.924418606
r1b2,333619.6976744186
l3miss,28599300.916666668
instructions,2107792250.3449612
cycles,4042225967.7906976
stall_cycles,2900080020.5930233
intra_coh,2828085.0542635657
inter_coh,0.15310077519379844
wall_cycles,419853736.1647287
llc_size,41833051.28682171
local_mem,1839924851.1007752
remote_mem,1476592.1240310078
