category,ferret
runtime,27.116520404815674
l2miss,57758075.610687025
r1b2,52904396.48854962
l3miss,21966283.022900764
instructions,12666576854.725191
cycles,8143920931.526717
stall_cycles,2092247450.183206
intra_coh,96124.45038167939
inter_coh,0.030534351145038167
wall-cycles,423766459.3740458
llc_occupancy,41779450.13740458
