category,IS
runtime,1305.1157987117767
l2miss,6382029.22583128
r1b2,2636196.7001231527
l3miss,3617440.680726601
instructions,173655499.3101909
cycles,469463291.50554186
stall_cycles,350178130.02693963
intra_coh,39798.60575738916
inter_coh,212077.241841133
wall_cycles,419612538.52955663
llc_size,33464673.103448275
local_mem,216828489.14285713
remote_mem,1096779.6650246305
