category,kmeans
runtime,31.50684928894043
l2miss,68786187.22222222
r1b2,1935399.8104575162
l3miss,4797772.673202614
instructions,3518213606.9346404
cycles,4540698435.888889
stall_cycles,2888740505.352941
intra_coh,48085393.48366013
inter_coh,0.0196078431372549
wall-cycles,420346571.2875817
llc_occupancy,40834068.078431375
