category,raytrace
runtime,62.43336057662964
l2miss,9004616.272131147
r1b2,1182186.6360655737
l3miss,2261751.531147541
instructions,3668783204.4163933
cycles,1855506147.9278688
stall_cycles,520464684.4
intra_coh,190309.96721311475
inter_coh,1.8885245901639345
wall_cycles,419851356.50163937
llc_size,40559908.091803275
local_mem,163577856.0
remote_mem,332622.05901639344
