category,particlefilter
runtime,44.53762245178223
l2miss,682958593.6805556
r1b2,1038304747.4722222
l3miss,254193.3101851852
instructions,10870679643.976852
cycles,4690830019.851851
stall_cycles,715265090.4814814
intra_coh,1617.8009259259259
inter_coh,0.17592592592592593
wall-cycles,421475149.4351852
llc_occupancy,41399637.333333336
