category,bodytrack
runtime,16.95502281188965
l2miss,20124217.653333332
r1b2,2811485.8266666667
l3miss,744008.7866666666
instructions,10504261456.6
cycles,4715798256.493333
stall_cycles,505247899.68
intra_coh,2596841.72
inter_coh,1.4133333333333333
wall_cycles,420565900.14666665
llc_size,40654165.333333336
local_mem,31104259.413333334
remote_mem,324184.74666666664
