category,IS
runtime,1566.2087881565094
l2miss,6037239.759558635
r1b2,2110624.2522453167
LLC-load-misses,395033.15948165255
LLC-store-misses,582185.1312548114
instructions,144845063.81703874
cycles,433356127.5322043
stall_cycles,332881928.14293045
intra_coh,101055.1619194252
inter_coh,194867.10366948936
wall-cycles,420235982.0760842
llc_occupancy,2474257.276879651
