category,FT
runtime,25.18130874633789
l2miss,478396380.40495867
r1b2,1072336282.0082644
l3miss,130857509.8016529
instructions,17196856883.809917
cycles,8057564479.636364
stall_cycles,2353528754.231405
intra_coh,11134.520661157025
inter_coh,0.5206611570247934
wall-cycles,423781885.3636364
llc_occupancy,3058527.2066115704
