category,facesim
runtime,52.97242259979248
l2miss,53485155.85
r1b2,13875756.092307692
l3miss,7664948.080769231
instructions,8923001873.846153
cycles,4578179222.907692
stall_cycles,1029264151.0538461
intra_coh,2192220.1692307694
inter_coh,47.53846153846154
wall-cycles,421237822.10384613
llc_occupancy,4795974.892307692
