{
    "runtime": {
        "fluidanimate": 73.23918080329895,
        "SP": 135.09105372428894
    },
    "power": [
        {
            "package_name": "package-0",
            "power": 4127112421,
            "domains": {
                "dram": 66230726964
            }
        },
        {
            "package_name": "package-1",
            "power": 14203906509,
            "domains": {
                "dram": 67029522768
            }
        }
    ]
}