category,swaptions
runtime,51.07745909690857
l2miss,1288290.7327935223
r1b2,41153.886639676115
l3miss,3211.6153846153848
instructions,6267134710.336032
cycles,3998247074.9352226
stall_cycles,974997334.3319838
intra_coh,999177.7813765182
inter_coh,0.09716599190283401
wall_cycles,420453340.1052632
llc_size,3050740.5991902836
local_mem,25471.48178137652
remote_mem,107457.81376518219
