category,x264
runtime,11.49953842163086
l2miss,43602391.345454544
r1b2,13966039.0
l3miss,12497273.781818181
instructions,7723453556.890909
cycles,4360629219.490909
stall_cycles,984302716.3818182
intra_coh,103177.89090909091
inter_coh,1774.1636363636364
llc_occupancy,29645260.02090909
wall-cycles,420645182.72727275
