category,cfd
runtime,24.7841956615448
l2miss,44969527.425
r1b2,20712321.933333334
LLC-load-misses,49484.26666666667
LLC-store-misses,390.2916666666667
instructions,15562685342.8
cycles,7184975000.433333
stall_cycles,679851161.7833333
intra_coh,1365709.3
inter_coh,0.15833333333333333
wall-cycles,420364375.7083333
llc_occupancy,40682564.266666666
