category,EP
runtime,59.947561740875244
l2miss,7549209.0
r1b2,82276.77319587629
l3miss,1673270.5463917525
instructions,2605628170.573883
cycles,4126345284.209622
stall_cycles,1450907435.04811
intra_coh,20.61855670103093
inter_coh,0.0
wall_cycles,419851267.556701
llc_size,6209930.116838488
local_mem,5179.821305841924
remote_mem,3152.9347079037802
