category,freqmine
runtime,42.369295835494995
l2miss,19927072.322115384
r1b2,542393.1442307692
LLC-load-misses,611254.9278846154
LLC-store-misses,434575.6298076923
instructions,11872131455.75
cycles,6623854882.254807
stall_cycles,1710784177.3413463
intra_coh,3190398.8653846155
inter_coh,372597.29807692306
wall-cycles,420358427.8269231
llc_occupancy,54281452.307692304
