category,facesim
runtime,75.3052830696106
l2miss,39042750.29347826
r1b2,7019825.285326087
l3miss,5793547.508152174
instructions,6210399775.334239
cycles,3180090116.7826085
stall_cycles,710026422.6576087
intra_coh,620566.883152174
inter_coh,5.2228260869565215
wall_cycles,419811171.1548913
llc_size,40349517.91304348
local_mem,281665179.82608694
remote_mem,1701977.043478261
