{
    "runtime": {
        "canneal": 104.05103087425232,
        "SP": 131.76378679275513
    },
    "power": [
        {
            "package_name": "package-0",
            "power": 4359231455,
            "domains": {
                "dram": 66257558743
            }
        },
        {
            "package_name": "package-1",
            "power": 13211290214,
            "domains": {
                "dram": 66983758876
            }
        }
    ]
}