category,MG
runtime,14.365676879882812
l2miss,633477412.7819549
l3miss,429925270.075188
instructions,40912691661.353386
cycles,20531183072.406013
stall_cycles,4812152176.015038
intra_coh,150141.72932330827
inter_coh,0.15037593984962405
wall_cycles,2118722951.0526314
llc_size,419218516.69172937
local_mem,40009195827.969925
remote_mem,50487357.59398496
