category,FT
runtime,43.75814199447632
l2miss,271237465.4
r1b2,453217070.0761905
l3miss,74943582.24285714
instructions,9909351518.866667
cycles,4053429181.357143
stall_cycles,809913806.2095238
intra_coh,380.73333333333335
inter_coh,0.03333333333333333
wall_cycles,420253719.6904762
llc_size,40705033.75238095
local_mem,2419122566.095238
remote_mem,8603316.419047618
