category,bodytrack
runtime,24.553060293197632
l2miss,11823421.318584071
r1b2,1755564.5663716814
l3miss,501862.14159292035
instructions,7022985882.584071
cycles,3103437667.5575223
stall_cycles,305735774.2920354
intra_coh,1261244.4159292036
inter_coh,0.5929203539823009
wall_cycles,420224398.7345133
llc_size,35953165.592920355
local_mem,20197847.221238937
remote_mem,160650.1946902655
