category,UA
runtime,108.24995541572571
l2miss,87061652.63396226
r1b2,959654294.0264151
l3miss,54408994.06226415
instructions,7441981743.086792
cycles,7719107653.7037735
stall_cycles,4004440335.2622643
intra_coh,262128.32641509434
inter_coh,0.07358490566037736
wall_cycles,420468924.5226415
llc_size,41908046.24905661
local_mem,5391256348.015095
remote_mem,17352078.00754717
