category,BT
runtime,91.37052631378174
l2miss,88155774.098434
r1b2,928485297.9038031
l3miss,40814420.798657715
instructions,14824773436.357943
cycles,8220236507.856823
stall_cycles,2970423815.2706933
intra_coh,2232.4742729306486
inter_coh,0.053691275167785234
wall_cycles,420657343.8187919
llc_size,41923540.47427293
local_mem,3599671974.085011
remote_mem,21269437.565995526
