category,SP
runtime,125.6555118560791
l2miss,824645273.5024154
l3miss,397418121.3687601
instructions,32402970399.967796
cycles,20709752647.673107
stall_cycles,8092259252.149758
intra_coh,12616.884057971016
inter_coh,0.1288244766505636
wall_cycles,2104119316.0547504
llc_size,419034123.5426731
local_mem,30698222207.79388
remote_mem,91948274.39613527
