category,SP
runtime,323.8973653316498
l2miss,78604212.941067
r1b2,303431526.9317618
l3miss,59136589.4280397
instructions,2522484455.737593
cycles,3227832432.243176
stall_cycles,2071650266.646402
intra_coh,30998.400124069478
inter_coh,0.007444168734491315
wall-cycles,420055259.95781636
llc_occupancy,2171184.913151365
local_mem,5925838583.741936
remote_mem,36263199.12655087
