category,canneal
runtime,41.26957964897156
l2miss,15922804.615763547
r1b2,50730.600985221674
LLC-load-misses,3868265.108374384
LLC-store-misses,3836556.8078817734
instructions,636216548.635468
cycles,2643150106.763547
stall_cycles,2201057465.6945815
intra_coh,132325.4581280788
inter_coh,0.0
wall-cycles,419891752.3990148
llc_occupancy,41040063.68472906
