category,nn
runtime,86.43380284309387
l2miss,30316556.745882355
r1b2,488165.3905882353
l3miss,1884.4611764705883
instructions,3221494409.077647
cycles,8174824538.465882
stall_cycles,5553253890.202353
intra_coh,18028909.30352941
inter_coh,0.7129411764705882
wall-cycles,421385378.0
llc_occupancy,41066862.230588235
