{
    "runtime": {
        "streamcluster_0": 158.51915740966797,
        "streamcluster_1": 158.5261631011963
    },
    "power": [
        {
            "package_name": "package-1",
            "power": 4913518671,
            "domains": {
                "dram": 504752416
            }
        },
        {
            "package_name": "package-0",
            "power": 9519910871,
            "domains": {
                "dram": 1146777977
            }
        }
    ]
}