{
    "runtime": {
        "raytrace": 88.1185348033905,
        "SP": 128.61862683296204
    },
    "power": [
        {
            "package_name": "package-0",
            "power": 4113729154,
            "domains": {
                "dram": 66210703151
            }
        },
        {
            "package_name": "package-1",
            "power": 12736855578,
            "domains": {
                "dram": 66917293412
            }
        }
    ]
}