{
    "runtime": {
        "raytrace": 89.26317811012268,
        "SP": 130.21703386306763
    },
    "power": [
        {
            "package_name": "package-0",
            "power": 4061035686,
            "domains": {
                "dram": 66213353647
            }
        },
        {
            "package_name": "package-1",
            "power": 12894813425,
            "domains": {
                "dram": 66930912692
            }
        }
    ]
}