category,dedup
runtime,12.494949340820312
l2miss,6182250.724137931
r1b2,298178.1034482759
LLC-load-misses,37269.25862068965
LLC-store-misses,2515.603448275862
instructions,1506300682.2931035
cycles,989890868.5517242
stall_cycles,305842375.82758623
intra_coh,243532.91379310345
inter_coh,0.1724137931034483
wall-cycles,427365242.12068963
llc_occupancy,41483158.06896552
