category,swaptions
runtime,23.620027542114258
l2miss,3132129.150442478
r1b2,138181.00884955752
l3miss,12412.309734513274
instructions,13629824180.840708
cycles,6828643339.415929
stall_cycles,1123292091.8849556
intra_coh,2081513.1061946903
inter_coh,0.35398230088495575
wall-cycles,421307435.7079646
llc_occupancy,179209.06194690266
