category,BT
runtime,92.92188453674316
l2miss,80266077.50544663
r1b2,870822768.4793029
LLC-load-misses,7214783.4291939
LLC-store-misses,276785.24836601305
instructions,14458824043.557734
cycles,8085384914.235294
stall_cycles,2967862269.337691
intra_coh,13578.74074074074
inter_coh,0.3224400871459695
wall-cycles,421432318.4684096
llc_occupancy,41513272.33115468
