category,vips
runtime,7.350011348724365
l2miss,55622360.81818182
r1b2,5452935.787878788
LLC-load-misses,150800.72727272726
LLC-store-misses,238707.9090909091
instructions,22552212830.030304
cycles,7472339621.787879
stall_cycles,451611509.54545456
intra_coh,874581.1212121212
inter_coh,0.24242424242424243
wall-cycles,425594633.1212121
llc_occupancy,486555.1515151515
