{
    "runtime": {
        "canneal": 110.6470046043396,
        "streamcluster": 110.77255272865295
    },
    "power": [
        {
            "package_name": "package-1",
            "power": 3365754689,
            "domains": {
                "dram": 342127538
            }
        },
        {
            "package_name": "package-0",
            "power": 5564048195,
            "domains": {
                "dram": 685824000
            }
        }
    ]
}