category,kmeans
runtime,31.578473806381226
l2miss,69488127.01315789
r1b2,1771817.5131578948
l3miss,4828153.578947368
instructions,3537823363.9078946
cycles,4595917093.289474
stall_cycles,2932533243.631579
intra_coh,48647974.89473684
inter_coh,0.21710526315789475
wall-cycles,420487141.6381579
llc_occupancy,41820160.0
