category,DC
runtime,153.96060919761658
l2miss,25853811.35958005
r1b2,32758.257217847768
l3miss,18274054.32808399
instructions,1912762114.5853019
cycles,3537902123.3346457
stall_cycles,2399270471.67979
intra_coh,13.881889763779528
inter_coh,0.6653543307086615
wall_cycles,419670975.6167979
llc_size,40499613.90026247
local_mem,1457462070.425197
remote_mem,1278296.0209973752
